track_name,artists,album_name,track_genre,popularity,danceability,energy,acousticness,valence,tempo
Lonely This Christmas,KT Tunstall,Slow Christmas Songs 2022,acoustic,0,0.409,0.153,0.939,0.18,85.262
In Case You Didn’t Know,Boyce Avenue,"Cover Sessions, Vol. 4",acoustic,60,0.633,0.299,0.833,0.341,147.549
Come On Get Higher,Matt Nathanson,Some Mad Hope,acoustic,71,0.672,0.623,0.241,0.617,92.018
2002 - Acoustic,Amber Leigh Irish,Simply Acoustic,acoustic,57,0.589,0.296,0.842,0.611,165.799
Shotgun,Us The Duo,Shotgun,acoustic,45,0.806,0.263,0.787,0.868,115.854
Careless Whisper,Boyce Avenue,Careless Whisper,acoustic,46,0.698,0.389,0.885,0.704,76.897
The Weakness In Me,Keisha White,The Weakness In Me,acoustic,26,0.717,0.554,0.0592,0.324,128.039
SOS - Acoustic Covers Versions,Covers Culture,Chill Vibes - Just Chill & Relax - Relaxing Covers Songs - Chill Pop Music Hits - Chill Music - Chill Songs - Chilled - Chill Out Pop - Chillout Music - Best Chill Songs - Acoustic Chill,acoustic,26,0.351,0.109,0.879,0.64,76.851
Fellini,Criolo,Fellini,afrobeat,42,0.805,0.746,0.238,0.717,127.922
Samba Sambei,Criolo,Nó na Orelha,afrobeat,37,0.87,0.737,0.268,0.952,136.07
Shampoo,Plastilina Mosh,Juan Manuel,afrobeat,28,0.716,0.509,0.683,0.374,170.117
Quieren Efectos,Money Chicha,Echo en Mexico,afrobeat,24,0.553,0.773,0.173,0.597,96.617
Vermelhos de Ciclos,Samuca e a Selva,Ditados Populares Dançantes,afrobeat,16,0.753,0.728,0.0159,0.59,144.003
Don't Shoot Me Santa,The Killers;Ryan Pardey,Home For Christmas 2022,alt-rock,0,0.588,0.847,0.0601,0.662,120.041
Heart-Shaped Box,Nirvana,In Utero - 20th Anniversary - Deluxe Edition,alt-rock,79,0.256,0.641,0.199,0.382,203.006
Halloween,Siouxsie and the Banshees,Halloween Scary Party,alt-rock,0,0.223,0.91,0.0116,0.364,171.75
Halloween,Siouxsie and the Banshees,Halloween Songs | Witches Hour,alt-rock,1,0.223,0.91,0.0116,0.364,171.75
Planet Zero,Shinedown,Metal,alternative,0,0.416,0.964,2.35e-05,0.212,157.925
Planet Zero,Shinedown,Rock Brandneu,alternative,0,0.416,0.964,2.35e-05,0.212,157.925
Spoonman,Soundgarden,Hits Pop Rock 90's,alternative,0,0.258,0.904,2.2e-05,0.832,186.054
Way Maker - Single Version,Leeland,Way Maker,alternative,64,0.468,0.655,0.0149,0.222,144.045
Test & Recognise - Flume Re-work,Seekae;Flume,Test & Recognise (Remixes),ambient,70,0.544,0.579,0.193,0.294,109.769
Gogol,Chilly Gonzales;Johannes Bornlöf,Refreshing Piano,ambient,0,0.382,0.014,0.99,0.349,162.072
Guren no Yumiya Tv Size Ver.,Linked Horizon,Guren no Yumiya Tv Size Ver.,anime,59,0.494,0.91,0.561,0.507,90.447
Swarms of Song - Deutsche Version,Belle,Belle (Original Motion Picture Soundtrack) [German Language Version],anime,17,0.432,0.526,0.0513,0.251,129.56
Man of the World,Kato,Naruto Vibes,anime,42,0.456,0.469,0.143,0.106,120.045
The Sixth Station,Joe Hisaishi,Spirited Away Soundtrack,anime,57,0.304,0.0463,0.879,0.0392,77.936
奏(かなで),Sukima Switch,夏雲ノイズ,anime,62,0.519,0.666,0.553,0.461,149.839
Chainsaw Gutsfuck,Mayhem,Deathcrush,black-metal,50,0.249,0.828,3.04e-06,0.279,120.23
Let There Be Sodomy,Midnight,Let There Be Witchery,black-metal,20,0.211,0.991,7.93e-06,0.217,145.038
The Fire Within Him Burns,Kvaen;Mathias Lillmåns,The Great Below,black-metal,19,0.201,0.824,2.43e-05,0.0648,179.998
Leech,Angelmaker,Dissentient,black-metal,50,0.254,0.98,0.00014,0.0399,125.023
In Shrouds Decayed,Triptykon,Eparistera Daimones,black-metal,17,0.487,0.456,0.00663,0.037,118.035
Sendero Siniestro,Anal Vomit,Demoniac Flagellations,black-metal,17,0.193,0.995,4.29e-06,0.0743,109.837
Holding,Yonder Mountain String Band,"Mountain Tracks, Vol. 3",bluegrass,33,0.472,0.702,0.82,0.351,104.656
Dry Counties,Mountain Sprout,One More For The Ditch,bluegrass,29,0.533,0.841,0.126,0.97,122.132
The Secret Of Christmas,Ella Fitzgerald,Chill Christmas Dinner,blues,0,0.258,0.175,0.939,0.107,89.072
Frosty The Snowman,Ella Fitzgerald,Holiday Anthems 2022,blues,0,0.579,0.502,0.733,0.836,76.783
Simply Irresistible,Robert Palmer,80's,blues,0,0.646,0.934,0.129,0.698,142.616
Get It On,T. Rex,Electric Warrior,blues,71,0.728,0.878,0.176,0.911,126.59
Til the Sun Comes Up,Tucka,Long Live the King,blues,36,0.814,0.66,0.257,0.967,110.048
Heat Above,Greta Van Fleet,The Battle at Garden’s Gate,blues,67,0.338,0.847,0.00881,0.232,139.061
Pop That Middle,Theodis Ealey,I'm the Man You Need,blues,31,0.801,0.583,0.00921,0.666,102.008
Lágrimas e chuva,Kid Abelha,Só as Melhores do Pop Rock Brasileiro,brazil,0,0.706,0.8,0.0332,0.725,122.396
O Seu Amor por Mim - Ao Vivo,Weslei Santos,Pra Todo Mundo Cantar (Ao Vivo),brazil,47,0.459,0.399,0.433,0.374,139.792
Go,The Chemical Brothers,Helloween Party,breakbeat,0,0.751,0.897,0.00957,0.483,119.97
Tear Down The Club - Original Mix,DJ Fixx,Tear Down The Club,breakbeat,12,0.627,0.78,0.00142,0.297,150.007
Easy On Me,Adele,30,british,82,0.604,0.366,0.578,0.13,141.981
Candlesticks and Caravans,Lorne Balfe;Harriet Slater,Pennyworth: The Origin of Batman's Butler - Season 3 (Soundtrack from the HBO® Max Original Series),british,15,0.523,0.447,0.0036,0.0657,118.981
Roller Disco,Peppa Pig,Roller Disco,british,47,0.861,0.752,0.0872,0.811,124.026
"Second Suite in F Major, Op. 28 No. 2, H. 106: II. Song Without Words ""I'll Love My Love""",Gustav Holst;North Texas Wind Symphony;Eugene Migliaro Corporon,Composer's Collection: Gustav Holst,british,29,0.171,0.0115,0.993,0.0712,62.911
再見二丁目,Miriam Yeung,My Favourite Hits,cantopop,38,0.645,0.3,0.815,0.214,143.928
City Beat,Ron Trent,Artifacts From the Future EP,chicago-house,9,0.804,0.947,0.00984,0.666,122.018
Psycho Kong,Paul Johnson,Psycho Kong,chicago-house,7,0.752,0.967,2.48e-05,0.886,143.216
Home,Robert Hood,Internal Empire,chicago-house,8,0.615,0.896,0.014,0.36,137.675
Time To Jack,Chip E.,Hotter Than House,chicago-house,7,0.813,0.863,0.00024,0.717,122.93
Baby Shark,Pinkfong,Pinkfong Animal Songs,children,77,0.829,0.886,0.259,0.777,115.056
No Woman No Cry,Sweet Little Band,Bob Marley For Babies,children,33,0.6,0.185,0.567,0.344,155.912
A Moment Apart,ODESZA,A Moment Apart,chill,66,0.515,0.663,0.179,0.0756,120.024
Easy,Mac Ayres,Drive Slow,chill,67,0.722,0.282,0.373,0.217,91.367
Tell Me Why (feat. Shiloh Dynasty),Danny G;Shiloh Dynasty,Tell Me Why (feat. Shiloh Dynasty),chill,58,0.77,0.621,0.447,0.301,126.289
Breathe,Sam Wills,Breathe,chill,60,0.504,0.173,0.987,0.116,142.113
Shri Vishnu Dhyanam,Kishori Amonkar,"Vishnu Sahasranamavali, Vol. 1",classical,32,0.179,0.0538,0.967,0.115,90.381
Prada,Arca,KICK ii,club,58,0.619,0.712,0.103,0.35,95.025
World Of Pauline Lewis,Television Personalities,And Don't The Kids Just Love It,club,20,0.621,0.787,0.175,0.73,142.325
Ego Sum Deus,Unholy,Ego Sum Deus,club,41,0.636,0.538,0.00126,0.0388,115.983
Machine Spirit,ZITH;Misanthropix,Machine Spirit,club,17,0.643,0.956,0.000458,0.515,104.99
Doiloi,Marina Herlop,Nanook,club,17,0.343,0.129,0.988,0.0371,124.396
Obama and Hitler!,Jamie Kilstein,"Libel, Slander & Sedition",comedy,24,0.705,0.555,0.653,0.661,116.073
My Little Pony,Patton Oswalt,Talking for Clapping,comedy,23,0.692,0.339,0.831,0.575,136.475
"This Is The Moment - From ""Jekyll And Hyde""",Jason Manford,A Different Stage,comedy,23,0.399,0.223,0.594,0.117,66.532
Accidental Soccer Coach,Dry Bar Comedy,Dry Bar Comedy Presents Zoltan Kaszas: Cat Jokes,comedy,22,0.519,0.535,0.764,0.474,135.462
Please Stop Communicating,Joe DeRosa,You Let Me Down,comedy,21,0.627,0.815,0.785,0.532,119.197
Come Back as a Country Boy,Blake Shelton,New Country,country,1,0.494,0.796,0.0197,0.447,76.069
I'll Be Home For Christmas - From The Kacey Musgraves Christmas Show,Kacey Musgraves;Lana Del Rey,Jingle Bell Rock 2022,country,0,0.469,0.183,0.829,0.381,139.592
L.T.W.Y.H.M.,Koe Wetzel,Harold Saul High,country,48,0.439,0.528,0.398,0.079,139.866
Left and Right,Charlie Puth;Jung Kook,Upbeat Pop,dance,0,0.881,0.592,0.619,0.719,101.058
Stitches,Shawn Mendes,Tutti in piscina Canzoni per bambini,dance,1,0.736,0.74,0.0174,0.737,74.99
Paris,The Chainsmokers,Memories...Do Not Open,dance,74,0.653,0.658,0.0215,0.219,99.99
Only Love Can Hurt Like This,Paloma Faith,A Perfect Contradiction (Outsiders' Expanded Edition),dance,87,0.566,0.885,0.0958,0.304,90.99
Hot in It,Tiësto;Charli XCX,Hot Mix Pop,dance,3,0.748,0.841,0.00445,0.717,123.045
Pressurelicious,Megan Thee Stallion;Future,Hits à suivre 2022,dance,1,0.845,0.723,0.0112,0.667,146.972
Pressurelicious,Megan Thee Stallion;Future,Tic Tac - Just Rap,dance,0,0.845,0.723,0.0112,0.667,146.972
Star,Megan Thee Stallion;Lucky Daye,The Look - R&B Feels,dance,0,0.795,0.694,0.0183,0.327,96.046
El Humo de Tu Boca,Cestar;Stailok,El Humo de Tu Boca,dancehall,40,0.754,0.731,0.112,0.552,97.03
Sometimes Love,Apache Indian,Time For Change,dancehall,3,0.652,0.806,0.133,0.88,107.883
Jaiye Foreign,Tiwa Savage;Zinoleesky,Jaiye Foreign,dancehall,58,0.82,0.816,0.0216,0.861,108.98
ON GOD,Shatta Wale,ON GOD,dancehall,47,0.64,0.542,0.603,0.578,123.222
Maddest Life,Rygin King,Therapy,dancehall,25,0.764,0.62,0.511,0.36,100.147
Voice of the Soul,Death,The Sound of Perseverance - Reissue,death-metal,58,0.158,0.572,0.000926,0.347,79.176
Cocaine Avalanche,Dr. Acula,Slander,death-metal,28,0.334,0.959,0.00221,0.106,132.549
Hyper Kill,Darko US;Ryo Kinoshita,Oni,death-metal,49,0.258,0.997,0.000225,0.245,147.567
On Repeat,Robin Schulz;David Guetta,House Anthems,deep-house,5,0.609,0.801,0.0246,0.202,122.958
Yes or No,Brando,Yes or No,deep-house,64,0.879,0.655,0.106,0.67,118.025
Disconnected,James Hype;Tita Lau,B2B,deep-house,27,0.842,0.811,0.00579,0.594,125.995
Somehow,Inpetto;Aribo,"Electronic Club Charts, Vol. 1",deep-house,0,0.628,0.724,0.0925,0.515,126.019
Days Like This,Shaun Escoffery,Shaun Escoffery,deep-house,29,0.682,0.822,0.00346,0.567,108.022
Like a Movie feat. Haexxa,Alfred Heinrichs;Haexxa,IAM ALFRED HEINRICHS feat. Haexxa,deep-house,26,0.806,0.491,0.00795,0.143,140.004
Stayin' Alive,Bee Gees,Staying Alive (Original Motion Picture Soundtrack),disco,77,0.707,0.535,0.113,0.641,103.644
Teardrops,Womack & Womack,Best of 80s,disco,49,0.877,0.808,0.0426,0.966,133.237
Street Life (Edit),Randy Crawford,Gourmet Soul,disco,0,0.55,0.548,0.258,0.819,111.612
Hands Up - Single Version,Ottawan,Hands Up,disco,66,0.888,0.876,0.61,0.992,123.291
I'm Ready - Radio Edit,Kano,I'm Ready (Disco Mix - Original 12 Inch Version),disco,29,0.914,0.766,0.192,0.9,126.632
Martini z Lodem,Marcin Siegienczuk,Top Hits Disco Polo Vol6,disco,29,0.727,0.816,0.000577,0.883,126.969
Aspettando una nuova vita – Reprise,Laura Chiatti,Rapunzel- L'intreccio della torre,disney,31,0.329,0.166,0.918,0.159,102.277
Mamisi kołysanka,Ewa Konstancja Bułhak,Bambukalambu,disney,25,0.61,0.151,0.863,0.666,169.463
Mam Tę Moc - z filmu „Kraina lodu”,Katarzyna Łaska,Disney Najwieksze Przeboje (4 Vol.),disney,24,0.607,0.331,0.692,0.274,137.039
Who's Afraid of the Big Bad Wolf,The Circle Session Players,The Circle Sessions: The Music of Carthay Circle - Vol. 2,disney,20,0.722,0.415,0.816,0.799,86.115
Little Jack Horner - Original Mix,Cameron's Bedtime Classics,Lullabies and Nursery Rhymes,disney,19,0.495,0.137,0.968,0.271,139.73
Fogos de Artifícios,Alan Menken;Disney,A Pequena Sereia (Trilha Sonora Original em Português),disney,20,0.224,0.0651,0.521,0.0936,117.235
Freedom - Sub Focus & Wilkinson,Sub Focus;Wilkinson;Empara Mi,Portals,drum-and-bass,52,0.357,0.837,0.0213,0.0395,174.096
Azimuth,Goldie;James Davidson;Subjective;Lauren Norstrom,The Start of No Regret,drum-and-bass,18,0.668,0.859,0.0351,0.802,118.001
Maximus - Technical Itch Remix,Dom & Roland;Klute;Technical Itch,Dom & Roland Productions: Remix Album,drum-and-bass,16,0.379,0.939,0.00291,0.0819,171.877
Real McCoy,State of Mind,Regurgitator / Real McCoy,drum-and-bass,17,0.527,0.899,0.000165,0.454,175.034
Red Mist - VIP,Danny Byrd,Sick Music Sampler 2,drum-and-bass,16,0.545,0.952,0.00244,0.527,178.007
Renaissance (Edit),Culture Shock,Sequence,drum-and-bass,51,0.458,0.981,0.0573,0.143,173.882
Ground Shake,Crankdat;Bandlez,Ground Shake,dub,49,0.63,0.984,0.000666,0.214,145.074
Heartless,Miles Away;braev,Heartless,dub,41,0.467,0.644,0.182,0.308,148.049
Liar (with OST),Kayzo;OST,Liar (with OST),dub,51,0.49,0.964,0.0292,0.416,127.886
All We Needed,Koven,All We Needed,dub,49,0.482,0.789,0.00577,0.263,149.991
Fazendeiro de Apartamento,Cidade Verde Sounds,Missão de Paz,dub,27,0.743,0.543,0.1,0.499,77.215
This Could Be Us,Virtual Riot;Modestep;FRANK ZUMMO,This Could Be Us,dub,45,0.526,0.896,0.000459,0.424,150.075
Night Falls,Danny Olson;Vo Williams,Night Falls,dub,39,0.627,0.921,0.0315,0.392,170.028
Wasteland,Moore Kismet,Wasteland,dubstep,51,0.563,0.836,0.108,0.657,141.923
Sail Away (feat. Jay Mason),Trivecta;Jay Mason,Sail Away (feat. Jay Mason),dubstep,41,0.308,0.727,0.0179,0.282,150.059
Kneel Before Me,SLANDER;Crankdat;Asking Alexandria,Kneel Before Me,dubstep,54,0.596,0.97,0.00208,0.279,150.003
Emotional,Flux Pavilion;Matthew Koma,Tesla,dubstep,51,0.335,0.865,0.0027,0.411,149.85
Origin,Far Out,Origin,dubstep,41,0.319,0.865,0.19,0.164,153.962
Blame,Ekali;ZHU,Blame,dubstep,45,0.624,0.68,0.114,0.117,91.998
Symphony (feat. Zara Larsson),Clean Bandit;Zara Larsson,What Is Love? (Deluxe Edition),edm,76,0.715,0.605,0.239,0.454,122.956
days,Zaeden,Genesis 1:1,edm,47,0.811,0.499,0.255,0.373,144.028
Heavy Metal Love,twocolors,Mega Hits Autumn/Fall 2022,edm,3,0.768,0.767,0.194,0.457,125.029
all the good girls go to hell,Billie Eilish,Halloween Party 2022,electro,3,0.854,0.446,0.313,0.57,92.545
When I’m Gone (with Katy Perry),Alesso;Katy Perry,When I’m Gone (with Katy Perry),electro,80,0.685,0.886,0.028,0.615,125.034
Myself,Bazzi,COSMIC,electro,68,0.745,0.561,0.465,0.902,195.918
Poison,Rita Ora,Poison,electro,68,0.579,0.738,0.0821,0.431,124.023
Let Me Love You,DJ Snake;Justin Bieber,Encore,electronic,84,0.649,0.716,0.0863,0.163,99.988
Let Me Love You,DJ Snake;Justin Bieber,Weekend Baby,electronic,0,0.475,0.715,0.0863,0.159,199.892
Heera,Peter Cat Recording Co.,Bismillah,electronic,41,0.66,0.606,0.557,0.77,116.007
SALÚ,Francisca Valenzuela,SALÚ,electronic,39,0.706,0.868,0.00358,0.767,129.975
Silo (feat. fknsyd),RL Grime;Hex Cougar;fknsyd,Sable Valley Summer Vol. 3,electronic,55,0.472,0.933,0.0632,0.326,159.949
FUXK (feat. Ski Mask the Slump God),XXXTENTACION;Ski Mask The Slump God,LOOK AT ME: THE ALBUM,emo,65,0.767,0.71,0.0887,0.244,120.0
Красной помадой,FACE,NO LOVE,emo,51,0.834,0.517,0.77,0.147,131.934
Suicide Letter 2,Trick James,Nightmare Hills,emo,55,0.709,0.604,0.623,0.584,82.999
Cortame Con Unas Tijeras....,PXNDX,La Revancha Del Principe Charro,emo,35,0.489,0.97,0.00837,0.42,102.508
Starý Kazety,Medooza;PAWLIE POIZN,Starý Kazety,emo,33,0.718,0.526,0.735,0.697,144.065
Tumhen Ho Na Ho,Runa Laila,Gharaonda,folk,46,0.313,0.47,0.847,0.718,86.684
Free Fallin',Tom Petty,80s Bangers Vol. 1,folk,1,0.619,0.504,0.0614,0.568,84.335
Angela,The Lumineers,Cleopatra,folk,60,0.668,0.563,0.649,0.289,130.366
The Pusher,Steppenwolf,Fiesta temática 60s,folk,0,0.508,0.47,0.201,0.69,81.016
Aliança,Vitor Fernandes,Piseiro Apaixonado,forro,49,0.548,0.728,0.263,0.831,162.058
Alô,Danieze Santiago;Devinho Novaes,Alô,forro,44,0.81,0.701,0.544,0.695,127.994
Andorinha Machucada / Tudo de Novo / Pense em Mim (Ao Vivo),Léo Magalhães,Ao Vivo em Goiânia,forro,45,0.415,0.501,0.83,0.306,114.579
Nível de Carência,Pablo,Desculpe Aí,forro,44,0.574,0.689,0.189,0.617,130.9
Tô na Vaquejada,Biu do Piseiro,A Pressão Mundial Continua,forro,40,0.688,0.937,0.507,0.805,170.011
Ponto Final,Limão Com Mel;Tarcísio do Acordeon,Estúdio Limão,forro,38,0.657,0.829,0.276,0.569,117.029
死の舞踏,Camille Saint-Saëns;石丸由佳,死の舞踏~悪魔のパイプオルガン,french,1,0.213,0.159,0.715,0.0373,143.35
Chop (Nouvelle École),Fresh,Chop (Nouvelle École),french,76,0.745,0.801,0.439,0.486,143.011
Forever,Alex Keeper,Forever,french,57,0.763,0.457,0.796,0.0384,117.996
Anthracite,Django,Anthracite,french,35,0.64,0.459,0.448,0.14,100.071
El Regreso,Sergent Garcia,La Semilla Escondida,french,33,0.877,0.773,0.154,0.796,99.951
Suavemente,Soolking;Boro Boro,Suavemente,french,73,0.854,0.682,0.335,0.507,140.019
Superlove,doVicente,Superlove,french,58,0.753,0.809,0.317,0.409,119.991
Sentimento,Mc Kevin,Isolado No Quarto,funk,46,0.493,0.587,0.791,0.456,109.967
Bloco do Carro Chefe,Mc Bruninho da Praia;Mc Kadu;MC GP;Mc Lele JP,Bloco do Carro Chefe,funk,46,0.818,0.486,0.0996,0.637,113.192
O Resgate,Realidade Cruel,Dos Barracos de Maderite aos Palácios de Platina,funk,48,0.553,0.732,0.622,0.436,152.59
Fim de Nós 2,BIN;Azevedo;Mainstreet;Kizzy,Para todas as mulheres que já rimei,funk,46,0.582,0.467,0.183,0.486,119.842
Leave Before The Lights Come On,Arctic Monkeys,Leave Before The Lights Come On,garage,62,0.365,0.887,0.00272,0.916,150.718
Run Into The World,The Smith Street Band;Tim Rogers;Laura Stevenson,More Scared Of You Than You Are Of Me,garage,28,0.561,0.462,0.237,0.533,150.318
Big Grief,WAAX,Big Grief,garage,28,0.508,0.888,9.21e-06,0.325,126.015
Got The Power,Eagles Of Death Metal,Zipper Down,garage,26,0.46,0.882,0.00203,0.658,143.926
"Messiah, HWV 56 / Pt. 2: XLII. ""Hallelujah""",George Frideric Handel;The English Concert;Trevor Pinnock;The English Concert Choir,Weihnachten Klassik 2022,german,0,0.434,0.262,0.959,0.256,103.015
"Top Gun Anthem - From ""Top Gun"" Original Soundtrack",Harold Faltermeyer;Steve Stevens,Top Gun - Motion Picture Soundtrack (Special Expanded Edition),german,62,0.423,0.651,0.00799,0.14,107.011
Nur noch Schuhe an! - Masken-Version,Mickie Krause,Karneval Klassiker,german,0,0.503,0.951,0.0216,0.664,146.949
Ein Wunsch,K-Fly;Jamie Roseanne,Ein Wunsch,german,42,0.8,0.64,0.415,0.56,139.927
Abra os Olhos do Meu Coração - Ao Vivo em Curitiba,David Quinlan,Fogo e Glória (Ao Vivo em Curitiba),gospel,46,0.333,0.765,0.0173,0.411,111.734
Melhor Lugar: Sessão Acústica,Marcelo Markes,Melhor Lugar: Sessão Acústica,gospel,46,0.335,0.298,0.859,0.105,126.957
Não Mais Escravos,Fredy Miller,Não Mais Escravos,gospel,43,0.244,0.684,0.0188,0.135,73.085
Vaidade,Heloisa Rosa,Estante da Vida,gospel,39,0.494,0.443,0.674,0.191,125.887
Sobre as Águas,Trazendo a Arca,10 Anos (Edição Comemorativa),gospel,37,0.442,0.447,0.456,0.165,137.987
Body Farm,Miasmatic Necrosis,Apex Profane,grindcore,18,0.359,0.917,4.58e-06,0.483,85.089
Disinformation Age,His Hero Is Gone,The Plot Sickens,grindcore,17,0.133,0.856,5.89e-06,0.336,178.442
Misantropo a senso unico,Cripple Bastards,Misantropo a senso unico,grindcore,16,0.286,0.995,5.44e-05,0.169,112.711
Privileged,Rotten Sound,Suffer to Abuse,grindcore,13,0.235,0.969,1.76e-06,0.0657,115.061
Siphon Then Slit,Magrudergrind,Magrudergrind & Shitstorm Split,grindcore,11,0.346,0.999,0.00225,0.0375,137.923
Failed Organum,Internal Rot,Grieving Birth,grindcore,11,0.171,0.997,0.00521,0.0294,122.223
Judicial Slime,Napalm Death,Utopia Banished (Remastered 2012 Edition),grindcore,12,0.221,0.992,3.49e-06,0.117,98.179
Tortured Souls,Painkiller,Buried Secrets,grindcore,11,0.241,0.657,0.000458,0.19,118.585
Ressuscitou (Resurrecting) [Kemuel Nation],Kemuel,Ressuscitou (Resurrecting) [Kemuel Nation],groove,36,0.413,0.509,0.326,0.222,148.055
puro e simples,Purples,calvário,groove,24,0.362,0.4,0.452,0.262,94.883
Semi-Charmed Life,Third Eye Blind,Third Eye Blind,grunge,75,0.64,0.864,0.00832,0.701,102.026
Given Up,Linkin Park,Minutes to Midnight (Deluxe Edition),grunge,44,0.642,0.873,0.00119,0.923,100.056
Life is Beautiful,Sixx:A.M.,The Heroin Diaries Soundtrack,grunge,62,0.474,0.895,0.000254,0.399,89.998
Cut Me Open,Balance And Composure,The Things We Think We're Missing,grunge,30,0.214,0.976,1.72e-05,0.336,157.007
Ten Million Voices,Shaman's Harvest,Smokin' Hearts & Broken Guns (Deluxe Edition),grunge,52,0.498,0.709,0.00815,0.439,112.628
Plegaria,Kiko Revatta,Ayacucho En El Corazon De Todos Vol. 1,guitar,29,0.521,0.526,0.552,0.577,107.663
Djangologie,Babik Reinhardt,Babik joue Django,guitar,45,0.656,0.397,0.676,0.663,114.18
Zombie,Eddy Tyler,Guitar Instrumental Covers,guitar,37,0.585,0.4,0.832,0.197,82.025
Vuela paloma,Los Tecolines,Peerless 80 Aniversario - 24 Exitos Vol. 2,guitar,21,0.668,0.374,0.788,0.669,113.108
Blackbeard's Ghost,Jesse Rice,The Pirate Sessions,guitar,20,0.24,0.437,0.158,0.211,71.757
Posse (I Need You On the Floor),Scooter,Encore - Live and Direct,happy,24,0.53,0.997,0.0938,0.203,139.569
If You'Re Smart,The Nightraver,We're From Rotterdam,happy,22,0.571,0.873,3.25e-05,0.0894,179.841
I Am The Magnificent (Original Mix) - Extended Mix,The Prophet,The Hardcore Archive Part 3 (1997),happy,0,0.329,0.853,0.000161,0.0708,103.933
Boozed - Edit,Korsakoff,Stiletto,happy,19,0.462,0.978,0.0569,0.33,168.624
Broken - Album Edit,Evil Activities;Endymion;E-Life,Extreme Audio,happy,17,0.382,0.907,0.0652,0.216,167.005
Poing-Jump A Little Higher,Rotterdam Termination Source,History Of Rotterdam Hardcore Part 1.,happy,16,0.751,0.991,0.00101,0.849,154.857
Fuck The Millennium,Scooter,Back To The Heavyweight Jam,happy,16,0.548,0.999,0.0501,0.0878,145.0
Figure It Out,Royal Blood,Royal Blood,hard-rock,67,0.658,0.814,0.229,0.69,108.016
Camisa 10 joga bola até na chuva (Bomba Sonica),Charlie Brown Jr.,Camisa 10 joga bola até na chuva,hard-rock,38,0.591,0.944,0.128,0.96,91.991
Vampiregirl,9mm Parabellum Bullet,Rock & Halloween,hard-rock,1,0.378,0.934,0.0013,0.602,159.829
Onde Esta O Mundo Bom? (Living L.A.),Charlie Brown Jr.,Imunidade Musical,hard-rock,34,0.55,0.992,0.0209,0.666,112.11
Call Me Mañana,Scooter,20 Years of Hardcore (Remastered),hardcore,32,0.513,0.999,0.00217,0.156,143.039
Fractions,Emery,The Weak's End,hardcore,30,0.414,0.828,0.0372,0.306,154.017
Infinity,Neolux,Infinity,hardstyle,49,0.467,0.981,0.0053,0.609,149.955
1000 Man Dronken,Zanger Kafke,1000 Man Dronken,hardstyle,27,0.806,0.864,0.0795,0.901,149.96
Wilde gullie bas ?! - Galactixx Remix Edit,Zany;DV8;Galactixx,Wilde gullie bas ?! (Galactixx Remix),hardstyle,23,0.514,0.995,0.023,0.373,155.04
Me Gabber - DJ Paul Elstak & The BeatKrusher Remix,Jebroer;Paul Elstak;The BeatKrusher,Me Gabber (DJ Paul Elstak & The BeatKrusher Remix),hardstyle,22,0.553,0.928,0.0251,0.305,160.044
The Zero Hour,Wildstylez;Headhunterz,Project One,hardstyle,21,0.622,0.906,0.024,0.0615,149.882
Catch Me In Your Dreams - Original Mix,The Prophet,The Hardcore Archive Part 3 (1997),hardstyle,0,0.552,0.946,0.000492,0.282,162.968
Vida Eterna,Lörihen,Bajo la Cruz,heavy-metal,29,0.31,0.884,0.000301,0.314,75.023
Sentir Metalero,Aonikenk,Sentir Metalero,heavy-metal,23,0.285,0.9,0.000389,0.431,144.581
Sin escrúpulos,Barilari,Abuso De Poder,heavy-metal,20,0.32,0.948,0.000285,0.359,90.026
Breaking the Law,Doro;Udo Dirkschneider,"Magic Diamonds - Best of Rock, Ballads & Rare Treasures",heavy-metal,19,0.324,0.854,0.0339,0.178,85.964
Gunehgar,DIVINE,Gunehgar,hip-hop,65,0.643,0.906,0.105,0.541,94.259
Dura,Daddy Yankee,El perreo es el futuro,hip-hop,0,0.783,0.84,0.174,0.838,95.002
Game Over,Karan Aujla,Way Ahead,hip-hop,64,0.846,0.573,0.0437,0.553,134.144
Drop It Like It's Hot,Snoop Dogg;Pharrell Williams,Bad Boy Club,hip-hop,0,0.888,0.622,0.16,0.664,91.977
"Kar Har Maidaan Fateh (From ""Sanju"")",Sukhwinder Singh;Shreya Ghoshal;Vikram Montrose,"Kar Har Maidaan Fateh (From ""Sanju"")",hip-hop,59,0.557,0.821,0.0189,0.184,170.022
"Mathuga Mathuga (From ""Vikram Hitlist"")",Anirudh Ravichander;Kamal Haasan,"Mathuga Mathuga (From ""Vikram Hitlist"")",hip-hop,57,0.829,0.811,0.321,0.919,130.034
Pegao,Wisin & Yandel,Halloween 2022 Perreo Vol. 3,hip-hop,1,0.792,0.804,0.537,0.807,96.041
Sira E Hou,Amrit Maan;Nimrat Khaira,All Bamb,hip-hop,57,0.745,0.549,0.337,0.788,77.892
Floor To Crawl,James Hand,Shadow On The Ground,honky-tonk,26,0.64,0.499,0.725,0.655,126.888
You're Still On My Mind,George Jones,More Starday & Musicor Originals,honky-tonk,14,0.624,0.264,0.839,0.779,112.566
Rockin' Chair Money,Hank Williams,The Complete Hank Williams,honky-tonk,12,0.448,0.274,0.953,0.592,162.698
Let Me Talk to You,Ray Price,Night Life,honky-tonk,13,0.371,0.203,0.928,0.264,84.841
Crazy Arms,Ray Price,Country Music - A Film by Ken Burns (The Soundtrack) [Deluxe],honky-tonk,12,0.61,0.287,0.676,0.701,117.626
Not What I Had In Mind,George Jones;The Jones Boys,Sings More New Favorites,honky-tonk,12,0.735,0.392,0.542,0.758,119.449
I'm Satisfied With You,Hank Williams,The Immortal,honky-tonk,12,0.779,0.324,0.892,0.963,107.639
I Can't Get Used To Being Lonely,George Jones,Wrong Number,honky-tonk,12,0.496,0.193,0.817,0.51,109.141
Sad Girls,Clean Bandit;French The Kid;Rema,Upbeat Pop,house,0,0.799,0.847,0.254,0.529,115.016
Instagram,Dimitri Vegas & Like Mike;David Guetta;Daddy Yankee;Afro Bros;Natti Natasha;Dimitri Vegas;Like Mike,Instagram,house,66,0.765,0.906,0.125,0.95,96.071
Reality,Lost Frequencies;Janieck,Less Is More,house,70,0.714,0.697,0.0197,0.602,122.145
Great Spirit,Armin van Buuren;Vini Vici;Hilight Tribe,Great Spirit,house,66,0.592,0.911,0.00608,0.211,103.517
On My Way - Da Tweekaz Remix,Alan Walker;Sabrina Carpenter;Farruko;Da Tweekaz,On My Way (Da Tweekaz Remix),house,60,0.478,0.848,0.0934,0.48,149.936
Frustums,Ochre,Project Caelus,idm,11,0.611,0.436,0.469,0.204,116.989
0 (Remixed by world's end girlfriend),arai tasuku;World's End Girlfriend,0,idm,10,0.331,0.597,0.831,0.198,112.511
Comatose,Stumbleine,Echo Chamber,idm,29,0.403,0.508,0.199,0.133,114.989
Memory Cascades,Isan,Lamenting Machine,idm,10,0.562,0.343,0.508,0.254,81.691
Nuane,Autechre,Chiastic Slide,idm,12,0.698,0.583,0.00189,0.408,108.002
Socially Inept,Proem,Socially Inept,idm,8,0.186,0.573,0.496,0.0731,90.056
Raatein,Jasleen Royal,Shivaay,indian,49,0.653,0.401,0.893,0.311,129.988
Endless Love Mashup 2022 Lofi (Slowed & Reverb),H Dixit;Lofi Person,Endless Love Mashup 2022 Lofi (Slowed & Reverb),indian,45,0.29,0.388,0.635,0.132,81.936
Hansnuhana,Fossils,Fossils,indian,45,0.528,0.427,0.27,0.307,133.127
dooriyan,Zaeden,Genesis 1:1,indie-pop,63,0.735,0.593,0.731,0.475,160.07
Pran,Ritviz,Dev,indie-pop,48,0.619,0.484,0.116,0.61,90.916
Phutki Jaaney Jovan,Sajjan Raj Vaidya,Phutki Jaaney Jovan,indie-pop,49,0.46,0.521,0.65,0.599,149.945
All For Us,Labrinth;Zendaya,Imagination & the Misfit Kid,indie-pop,72,0.46,0.66,0.0108,0.18,141.722
Thank You Note,salem ilese,CHRISTMAS TOP HITS 2022,indie-pop,0,0.637,0.705,0.121,0.553,158.013
THAT BITCH,Bea Miller,THAT BITCH,indie-pop,68,0.778,0.738,0.0103,0.626,162.132
Sunyata,Tribal Rain,Roka Yo Samay,indie-pop,45,0.682,0.462,0.913,0.529,96.054
Sober,G-Eazy;Charlie Puth,The Beautiful & Damned,indie-pop,57,0.558,0.766,0.263,0.182,96.281
Baaraat,Ritviz;Nucleya,Baaraat,indie,66,0.678,0.449,0.477,0.606,100.033
Yellow Paper Daisy,When Chai Met Toast,Yellow Paper Daisy,indie,55,0.428,0.442,0.775,0.687,105.829
Pran,Ritviz,Dev,indie,48,0.619,0.484,0.116,0.61,90.916
Deutschland,Rammstein,Rammstein,industrial,77,0.521,0.895,5.54e-05,0.237,120.117
ULTRAnumb,Blue Stahli,Blue Stahli (Deluxe Edition),industrial,55,0.439,0.915,0.000184,0.34,91.993
When Worlds Collide,Powerman 5000,The Ultimate Skate Punk Album Vol.1,industrial,27,0.56,0.903,0.00132,0.581,143.821
Hustle Bones,Death Grips,The Money Store,industrial,51,0.6,0.982,0.104,0.277,110.015
The Farthest Star,VNV Nation,Judgement,industrial,25,0.552,0.937,0.0232,0.347,134.98
Vigilante,Front Line Assembly,Millennium,industrial,22,0.484,0.936,2.23e-05,0.152,106.047
Quack Kills,Psychostick,IV: Revenge of the Vengeance,industrial,24,0.663,0.706,0.000952,0.466,98.444
the 27 club,JPEGMAFIA,black ben carson,industrial,54,0.523,0.662,0.51,0.542,101.207
"Save the Trees, Pt. 1",Zhoobin Askarieh;Ali Sasha,Noise A Noise 20.4-1,iranian,0,0.173,0.803,0.613,0.0887,75.564
Finding,Kiawasch Sahebnassagh,Moments,iranian,0,0.424,0.0189,0.967,0.167,111.498
Rubai 1 To 5,Kiawasch Sahebnassagh;Amirhosein Allah Yari,Forty Poems To Kharaghan,iranian,0,0.358,0.149,0.777,0.113,131.267
The Curse of the White Demon,Nyctalllz,Visions of Darkness: Volume II,iranian,1,0.237,0.38,0.599,0.0464,112.65
The Hell You Made,TarantisT,Distorted Brains,iranian,0,0.415,0.972,0.00448,0.588,169.981
Insanity,Deathtune,Insanity,iranian,0,0.23,0.994,4.13e-05,0.325,198.467
Sonate IV Opus 180 Pour Violoncelle Et Piano - 3ème Mouvement,Alireza Mashayekhi;Marie-Thérèse Grisenti;Marc Vitantonio;Duo Grisenti Vitantonio,A. Mashayekhi - 5 Sonates Pour Violoncelle Et Piano,iranian,0,0.254,0.104,0.986,0.0378,84.693
You (Prod. SUGA of BTS),ØMI,ANSWER...,j-dance,43,0.676,0.477,0.0423,0.521,135.888
F***k Orgus (Dance) - Dr. Rude Remix,DJ Furax;Redshark,Techno Hard,j-dance,26,0.842,0.867,0.00892,0.587,147.011
Everytime I See You,E-Dee,Elevate,j-dance,31,0.521,0.686,0.0141,0.624,129.378
If We Ever - 2018 Remaster,High Contrast,If We Ever (Unglued Remix),j-dance,25,0.542,0.875,0.000356,0.114,172.973
Ready fi di party,Tony Matterhorn,Jamaican Style,j-dance,19,0.911,0.616,0.569,0.467,120.999
月の大きさ,Nogizaka46,バレッタ TypeD,j-idol,57,0.555,0.941,0.484,0.813,92.487
STAR,BiSH,GOiNG TO DESTRUCTiON,j-idol,27,0.457,0.841,0.000791,0.613,140.134
波打ち際を走らないか?,Keyakizaka46,風に吹かれても (Special Edition),j-idol,26,0.446,0.862,0.0319,0.512,151.976
ポップコーントーン,Shiritsu Ebisu Chugaku,Major Debut 10th Anniversary Album 中吉,j-idol,19,0.329,0.954,0.00316,0.589,170.064
ナニカガイル,NGT48,世界はどこまで青空なのか?(Special Edition),j-idol,19,0.52,0.901,0.035,0.886,168.899
Shout Baby,Ryokuoushoku Shakai,Shout Baby,j-pop,62,0.474,0.881,0.033,0.587,180.0
時間がない,KIRINJI,J-Pop 輕旅行,j-pop,0,0.772,0.675,0.124,0.68,126.033
メレンゲ,Macaroni Empitsu,メレンゲ,j-rock,37,0.573,0.697,0.0127,0.647,103.982
"My Hawai'i (feat. Sean Na'auao, Kaumakaiwa, Kumu Hina)",The Green;Sean Na'auao;Kaumakaiwa;Kumu Hina,"My Hawai'i (feat. Sean Na'auao, Kaumakaiwa, Kumu Hina)",j-rock,36,0.726,0.593,0.284,0.857,139.924
"RATS - FROM ""GIGS"" CASE OF BOOWY",BOØWY,"""GIGS"" CASE OF BOφWY COMPLETE (Live From ""Gigs"" Case Of Boowy / 1987)",j-rock,34,0.258,0.985,0.0202,0.382,176.952
LOVE THAT WAS LOST - Remastered 2022,Eikichi Yazawa,YAZAWA (50th Anniversary Remastered),j-rock,34,0.741,0.519,0.215,0.899,107.882
Cerita Kita,Tompi,Romansa,j-rock,35,0.48,0.32,0.726,0.0877,143.991
MAJESTIC BABY,COMPLEX,ROMANTIC 1990 (Remastered 2012),j-rock,33,0.337,0.976,0.00047,0.27,192.129
地球号,GReeeeN,あっ、ども。おひさしぶりです。,j-rock,32,0.714,0.879,0.00914,0.752,110.036
Santa Cruzin',"Grover Washington, Jr.",Ultimate Calm Christmas Jazz,jazz,0,0.688,0.639,0.47,0.602,99.645
Forever Young,BLACKPINK,SQUARE UP,k-pop,67,0.592,0.961,0.0423,0.508,109.826
Chitthi,Jubin Nautiyal;Rocky - Shiv,Chitthi,k-pop,47,0.729,0.52,0.562,0.458,114.973
I Am A Pizza,Amy Liz,Kid Hits,kids,39,0.636,0.293,0.376,0.692,130.032
The Muppet Show Theme,Little Apple Band,"The Best of Kids Songs - Back to School: Songs from Sesame Street, The Muppets, Phineas and Ferb, Fraggle Rock and More!",kids,12,0.824,0.602,0.816,0.659,114.979
Hokey Pokey [Deluxe],Chicken Dance Mix DJ's,CHICKEN DANCE PARTY,kids,9,0.629,0.797,0.0218,0.708,124.874
Wake Up,Christopher Zondaflex Tyler,Mr Chris Hip Hop Dance Moves,kids,11,0.653,0.298,0.0444,0.812,90.148
AEIOU,Justin Quiles;Robin Schulz,Pop Brandneu,latin,0,0.689,0.856,0.0493,0.706,126.108
Zumba,Don Omar,Fiesta portatil,latin,2,0.718,0.891,0.00175,0.828,124.981
Hawái - Remix,Maluma;The Weeknd,Hawái (Remix),latin,72,0.766,0.788,0.105,0.609,179.984
Bailando - English Version,Enrique Iglesias;Sean Paul;Descemer Bueno;Gente De Zona,S** AND LOVE,latin,49,0.719,0.844,0.0793,0.941,90.951
Last Christmas,Mariah Angeliq,Ya huele a buñuelos,latin,0,0.745,0.812,0.0954,0.968,112.026
Niña Bonita - Remastered 2020,Chino & Nacho,Halloween 2022 Pop Vol. 2,latin,0,0.666,0.921,0.226,0.723,120.03
Qué Más Pues?,J Balvin;Maria Becerra,Reggeaton Imperdible,latino,2,0.904,0.817,0.0254,0.753,101.988
Sígueme Y Te Sigo,Daddy Yankee,Queda poco para la PAES 2.0,latino,0,0.736,0.878,0.0682,0.662,100.024
Qué Más Pues?,J Balvin;Maria Becerra,Qué Más Pues?,latino,76,0.891,0.819,0.0261,0.768,101.968
No Me Arrodillo,Almighty;Manny Montes,Genelipsis,latino,39,0.81,0.542,0.102,0.376,164.151
Sotta Sotta m,Sujatha,Taj Mahal (Original Motion Picture Soundtrack),malay,45,0.751,0.414,0.145,0.401,94.991
En Daivathal,Heritage United Musicians;Stephen Jebakumar;Beryl Natasha;Keba Jeremiah,Centered,malay,29,0.416,0.341,0.767,0.105,149.398
Thenale,Pina Colada Blues;Nikita Uday;Farish Reheman,Once Upon A Blue Moon,malay,24,0.623,0.346,0.824,0.148,127.992
Sugnadha Neerala - From “Friday”,Najim Arshad;Gayatri Ashokan,Malayalam Hits Of 2012,malay,20,0.661,0.309,0.793,0.34,94.915
永不失聯的愛,Eric Chou,如果雨之後,mandopop,64,0.289,0.43,0.624,0.531,169.511
山海,No Party For Cao Dong,醜奴兒,mandopop,55,0.564,0.676,0.0543,0.286,160.039
別再想見我,許光漢,許光漢,mandopop,52,0.437,0.417,0.724,0.427,141.849
無人之境,Eason Chan,我最喜愛的Eric Kwok作品展,mandopop,15,0.535,0.564,0.361,0.278,123.892
Fly Me to the Moon,Olivia Ong,A Girl Meets Bossanova,mandopop,46,0.629,0.38,0.934,0.232,114.854
Spoonman,Soundgarden,Hits Pop Rock 90's,metal,0,0.258,0.904,2.2e-05,0.832,186.054
Under the Blade,Twisted Sister,Metal,metal,0,0.304,0.89,0.00143,0.433,194.289
Nobody Can Save Me,Linkin Park,One More Light,metal,61,0.645,0.688,0.0107,0.433,139.957
Rollin' (Air Raid Vehicle),Limp Bizkit,Chocolate Starfish And The Hot Dog Flavored Water,metal,76,0.603,0.933,0.00591,0.709,96.306
Parasite Eve,Bring Me The Horizon,POST HUMAN: SURVIVAL HORROR,metal,65,0.589,0.797,0.0289,0.232,102.489
Under The Same Sun,Scorpions,Face The Heat,metal,56,0.377,0.84,0.0128,0.311,150.349
A Form of Protest,Cane Hill,A Form of Protest,metalcore,54,0.395,0.933,8.74e-06,0.194,92.53
Smoke Ya Later,The Acacia Strain,3750,metalcore,24,0.276,0.934,6.41e-05,0.307,137.128
Go Loco - Original Mix,Sascha Braemer,Sascha Braemer EP,minimal-techno,20,0.811,0.497,0.0386,0.327,126.0
Fixi,Joachim Pastor,Fixi,minimal-techno,44,0.793,0.668,0.00412,0.283,124.01
High On Beat - Sofi Tukker Remix,Jan Blomqvist;Bloom Twins;Sofi Tukker,High On Beat (Sofi Tukker Remix),minimal-techno,40,0.712,0.865,0.0401,0.198,122.023
Pessoal Particular (Ao Vivo),Seu Jorge,"Musicas para Churrasco, Vol.1 (Ao Vivo) (Delux Edition)",mpb,47,0.634,0.859,0.539,0.64,112.942
Canto de Oxum / Inscrição,Maria Bethânia,Mar De Sophia,mpb,45,0.424,0.056,0.898,0.17,104.472
Deixa o Verão,Los Hermanos,Ventura,mpb,40,0.568,0.811,0.473,0.966,136.987
Você,Os Paralamas Do Sucesso,A Arte De Os Paralamas Do Sucesso,mpb,41,0.823,0.382,0.0926,0.749,144.438
Vela Aberta,Walter Franco,Vela Aberta,mpb,38,0.572,0.745,0.0895,0.855,138.329
"Una Mattina (from ""The Intouchables"")",Jacob's Piano,4 Soundtracks,new-age,49,0.354,0.076,0.982,0.0984,133.6
Do You?,Yiruma,The Best - Reminiscent 10th Anniversary,new-age,46,0.435,0.101,0.992,0.222,107.449
Dance of the Masks,Andreas Vollenweider;Walter Keiser;Pedro Haldemann;Christoph Stiefel;Janne Schaffer;Fernando Fantini;Hans Bergström;Charly Fässler;Hanspeter Haas;Beat Briner;Daniel Pezzotti,Dancing with the Lion,new-age,25,0.608,0.573,0.702,0.299,99.586
Angels of the Reef,Dan Gibson's Solitudes,Dolphin Dreams,new-age,22,0.117,0.11,0.977,0.0449,83.687
Land of the Elves,Achillea,The Nine Worlds,new-age,44,0.427,0.108,0.856,0.0377,119.723
Light Up,Helen Jane Long,Identity,new-age,19,0.24,0.271,0.96,0.197,54.362
"La rondine, SC 83: Chi il bel sogno di Doretta",Giacomo Puccini;Renée Fleming;English Chamber Orchestra;Jeffrey Tate,Silvia Colloca - Sing Like An Italian,opera,1,0.234,0.136,0.97,0.0374,85.418
Amazing Grace (feat. Corlea) - Live,Amira Willighagen;Corlea,With All My Heart,opera,24,0.113,0.478,0.814,0.178,85.166
"Empty Chairs at Empty Tables (From ""Les Miserables"")",Collabro,Home (Deluxe),opera,22,0.264,0.13,0.891,0.0899,172.034
"I puritani, Act I: "" A te, o cara“ (Arturo)",Alfredo Kraus;Symphony Orchestra of Madrid;Kurt Sanderling,Classical Choice: Great Opera,opera,0,0.294,0.147,0.987,0.102,105.328
Touched by Love,Bernward Koch,Walking through Clouds,opera,50,0.153,0.0555,0.978,0.0618,71.912
Credi In Te,Patrizio Buanne,The Italian,opera,20,0.148,0.32,0.804,0.106,161.31
Come Back Now,Darius & Finlay;Gili Brown,"Anímate, es viernes",party,0,0.513,0.916,0.000844,0.356,121.998
Liebe ist ...,FiNCH;SDP,Hold Me Now,party,35,0.631,0.8,0.107,0.782,156.941
The Addams Family,Cooltime Kids,Halloween y diversión para peques,party,0,0.689,0.546,0.000464,0.966,120.233
I Ain't Worried,OneRepublic,HOT PARTY BACK TO SCHOOL 2022,piano,1,0.704,0.797,0.0826,0.825,139.994
Hands Up To The Sky,Jake Eaw,"Spring 2021 Anime Piano, Vol. 2",piano,45,0.51,0.269,0.957,0.26,98.006
Il Colibrì,Carlo Boscoli,Il Colibrì,piano,60,0.503,0.0555,0.977,0.167,128.033
Vals De Rodrigues,Eric Badanti,Vals De Rodrigues,piano,49,0.418,0.0368,0.993,0.119,111.355
Ajab Si,KK,Om Shanti Om,pop-film,69,0.697,0.438,0.397,0.58,117.954
"Main Dhoondne Ko Zamaane Mein (From ""Heartless"")",Arijit Singh,Arijit Singh Broken Strings,pop-film,66,0.329,0.45,0.594,0.284,80.095
Dhadak Title Track,Ajay Gogavale;Shreya Ghoshal,Dhadak,pop-film,58,0.375,0.312,0.85,0.22,77.527
Hua Hain Aaj Pehli Baar,Amaal Mallik;Armaan Malik;Palak Muchhal,Sanam Re,pop-film,58,0.495,0.729,0.6,0.683,155.892
Aathadi Aathadi,Harris Jayaraj;Bhavatharini;Tippu;Dhanush;Abhay Jodhpurkar,Anegan (Original Motion Picture Soundtrack),pop-film,57,0.753,0.449,0.347,0.557,134.891
Sab Tera,Armaan Malik;Shraddha Kapoor,Baaghi,pop-film,56,0.505,0.642,0.643,0.427,159.775
"Bahut Jatate Ho Pyar (From ""Aadmi Khilona Hai"")",Alka Yagnik;Mohammed Aziz,Bollywood Melody Queen (Alka Yagnik),pop-film,56,0.593,0.61,0.768,0.907,133.067
O Saathi,Atif Aslam;Arko,"O Saathi (From ""Baaghi 2"")",pop,71,0.481,0.496,0.588,0.453,89.839
Into Your Arms (feat. Ava Max),Witt Lowry;Ava Max,Into Your Arms (feat. Ava Max),pop,77,0.504,0.788,0.0134,0.228,170.039
Ishqam,Mika Singh;Ali Quli Mirza,Ishqam,pop,70,0.735,0.839,0.129,0.609,100.017
Ferxxo 100,Feid,FELIZ CUMPLEAÑOS,pop,4,0.705,0.562,0.257,0.569,163.893
The Girl With Two Brains,The Manges,Book Of Hate For Good People,power-pop,22,0.482,0.95,0.00692,0.906,163.931
Abandoned,The Lemonheads,Varshons 2,power-pop,21,0.444,0.545,0.0391,0.382,126.728
Crush Story,Too Much Joy,Cereal Killers,power-pop,19,0.609,0.918,0.249,0.371,135.03
Day N Night,Afrojack;Black V Neck;Muni Long,Electro sounds,progressive-house,0,0.709,0.871,0.134,0.667,125.94
Let You Down,Armin van Buuren,"Feel Again, Pt. 1",progressive-house,56,0.572,0.956,0.0104,0.0375,125.998
Little Saint Nick - 1991 Remix,The Beach Boys,Best Christmas Music 2022,psych-rock,0,0.602,0.553,0.108,0.971,130.594
I Feel Free - Remastered,Cream,(60's) Sixties Collected Volume 2,psych-rock,0,0.371,0.601,0.137,0.596,87.975
Don't Let Me Be Misunderstood,Eric Burdon,Disciples Liberation The Ultimate Fantasy Playlist,psych-rock,0,0.673,0.712,0.159,0.912,113.061
Yellow Submarine - Remastered 2015,The Beatles,1 (Remastered),psych-rock,54,0.66,0.557,0.158,0.788,110.743
"Dance, Dance, Dance",The Beach Boys,Greatest Hits,psych-rock,26,0.508,0.844,0.218,0.55,148.202
Fvck Somebody,The Wrecks,Infinitely Ordinary,punk-rock,55,0.533,0.661,0.0239,0.603,142.079
Like We Used To,A Rocket To The Moon,On Your Side,punk,60,0.363,0.71,0.216,0.383,170.113
Nur zu Besuch,Die Toten Hosen,Alles aus Liebe: 40 Jahre Die Toten Hosen,punk,38,0.508,0.299,0.502,0.137,108.159
Proibida Pra Mim (Grazon) - Ao Vivo,Charlie Brown Jr.,Acústico (Ao Vivo),r-n-b,48,0.345,0.976,0.000587,0.818,181.121
Condicional,Los Hermanos,"""4""",r-n-b,41,0.579,0.883,0.00598,0.822,129.045
O Sopro do Fole,Maria Bethânia,Noturno,r-n-b,41,0.524,0.0856,0.739,0.316,93.672
LA CANCIÓN,J Balvin;Bad Bunny,Clásicos de ahora: Perreo,reggae,0,0.756,0.646,0.152,0.429,176.088
Negro,J Balvin,Noche de Halloween Latino,reggae,3,0.791,0.907,0.0132,0.828,164.107
Mocca,Lalo Ebratt;Trapical,Frescura y Perreo,reggae,0,0.786,0.696,0.183,0.591,97.956
Llego el bailador,Adassa,Tropical Vibes,reggae,0,0.706,0.796,0.133,0.793,149.986
Rude,MAGIC!,Rude,reggae,66,0.743,0.807,0.0435,0.899,144.062
Wavin' Flag - Black Chiney Remix,K'NAAN;Black Chiney,Wavin' Flag (Orange Monkey Version),reggae,49,0.597,0.913,0.038,0.694,152.098
Redemption Song,Bob Marley & The Wailers,Uprising,reggae,70,0.671,0.256,0.608,0.694,115.871
Tutu,Camilo;Pedro Capó,Tutu,reggaeton,69,0.731,0.832,0.273,0.94,146.013
Sueltate Mah,Marcianeke,Sueltate Mah,reggaeton,41,0.662,0.785,0.614,0.797,180.108
Yo No Soy Celoso,Bad Bunny,Un Verano Sin Ti,reggaeton,85,0.872,0.588,0.275,0.93,142.004
KESI,Camilo,Mis Manos,reggaeton,70,0.889,0.756,0.132,0.918,122.905
Come A Little Bit Closer,Jay & The Americans,Christmas time but not Christmas songs 2022,rock-n-roll,0,0.594,0.716,0.659,0.847,132.31
It's Only Make Believe,Billy Fury,A Thousand Stars,rock-n-roll,34,0.419,0.382,0.32,0.462,84.185
"La Plaga (Good Golly, Miss Molly)",Los Teen Tops,La Gran Coleccion Del 60 Aniversario CBS - Los Teen Tops,rock-n-roll,34,0.337,0.857,0.188,0.96,182.885
Mis Noches Te Recuerdan,Los Tukas,10 de Colección,rock-n-roll,33,0.643,0.574,0.583,0.845,108.002
Ruega por Mí (Prega Per Me),Estela Nuñez,Estela Nuñez... Sus Primeras E Inolvidables Grabaciones,rock-n-roll,30,0.494,0.404,0.847,0.386,96.387
Christmas Without You,OneRepublic,Beste Weihnachtslieder,rock,0,0.262,0.677,0.447,0.365,207.478
Ohms,Deftones,Metal,rock,0,0.112,0.978,0.000108,0.371,173.097
It's The End Of The World As We Know It (And I Feel Fine),R.E.M.,80s Bangers Vol. 2,rock,0,0.381,0.894,0.0258,0.797,205.528
Ode To My Family,The Cranberries,Hits Pop Rock 90's,rock,1,0.365,0.517,0.0622,0.0777,93.862
The Rumbling,SiM,The Rumbling,rock,73,0.459,0.878,5.62e-05,0.494,144.852
Zombie Zoo,Tom Petty,Helloween Party,rock,1,0.685,0.886,0.0328,0.819,116.222
arms,Christina Perri,Feeling Good - Adult Pop Favorites,rock,0,0.463,0.755,0.11,0.252,145.312
The Car,Arctic Monkeys,The Car,rock,42,0.428,0.365,0.78,0.236,94.033
You Wanna Have It All,Francine,One Step Further,rockabilly,32,0.516,0.837,0.00622,0.707,136.02
Penurias,Los Vaguens,Hotel Acapulco,rockabilly,27,0.329,0.596,0.0179,0.413,167.831
Rodnik,Zhanna Bichevskaya,"Zhanna Bichevskaja poet pesni Ieromonakha Romana, Ch. 1",romance,6,0.383,0.473,0.808,0.428,101.993
Журавли,Сергей Зыков,В минуты музыки (Песни на стихи Николая Рубцова),romance,0,0.263,0.204,0.934,0.0933,111.638
Враги сожгли родную хату,Vladimir Nechaev,22 июня 1941. День Памяти и Скорби,romance,0,0.432,0.266,0.979,0.486,110.437
GTA 2,Rarin,GTA 2,sad,57,0.627,0.652,0.214,0.487,160.089
Break Ups Suck Ass,Powfu;sadeyes,Letter's You Never Received,sad,51,0.605,0.327,0.866,0.608,179.839
I fucked up,convolk,LONEWOLF,sad,61,0.645,0.708,0.00909,0.282,80.503
You Make It Worse,Ouse,You Make It Worse,sad,47,0.808,0.462,0.444,0.393,105.042
Primero Fui Yo,Frankie Ruiz,The Very Best (Vol. 2),salsa,34,0.772,0.571,0.251,0.96,97.427
El Hombre De Tu Vida,Rey Ruiz,Coleccion de Oro,salsa,35,0.692,0.868,0.302,0.932,168.431
Que Estes Presente,Antonio y Joel Con Labranza,Mi Canto,salsa,30,0.461,0.706,0.536,0.842,163.691
Se Me Rompe el Alma,Víctor Manuelle,Oro Salsero,salsa,27,0.51,0.875,0.347,0.758,95.692
Não Vá Embora - Ao Vivo,Sambô,Sambô (Ao Vivo),samba,41,0.541,0.734,0.422,0.628,91.991
Que Se Chama Amor,Akatu,Luau do Akatu,samba,42,0.644,0.668,0.69,0.89,157.93
Conselho / Insensato Destino / Coisa de Pele - Ao Vivo,Grupo Fundo De Quintal,Roda de Samba do Fundo de Quintal no Cacique de Ramos (Ao Vivo),samba,38,0.523,0.906,0.379,0.757,104.859
História Para Ninar Gente Grande,Marquinho Art'Samba;De Mangueira,Sambas De Enredo Das Escolas De Samba 2019,samba,39,0.419,0.71,0.101,0.853,144.662
Vi Mamãe Oxum Na Cachoeira - Live,Mariene De Castro,Santo De Casa,samba,39,0.59,0.697,0.75,0.815,126.911
"Minha Teimosia, uma Arma pra Te Conquistar",Los Sebosos Postizos,Los Sebosos Postizos Interpretam Jorge Ben Jor,samba,39,0.525,0.561,0.186,0.584,139.101
Salseiro - Ao Vivo,Vou Zuar,Salseiro (Ao Vivo),samba,38,0.65,0.903,0.663,0.869,94.025
Dadhi Pachigala Bali Kete Katha Kahesi,Ruku Suna,Dadhi Pachigala Bali Kete Katha Kahesi,samba,24,0.335,0.898,0.022,0.806,164.02
"Jah Jah Revolta, Pt. 2",BaianaSystem,Duas Cidades,samba,38,0.776,0.8,0.00631,0.583,143.989
Mega Star,Exaltasamba,Mais Uma Vez,samba,37,0.478,0.684,0.285,0.286,146.906
Não dá Mais pra Segurar (Explode Coração),Alcione,Maxximum - Alcione,samba,37,0.329,0.501,0.529,0.347,95.07
Faz um Coração Aí (Ao Vivo),Turma do Pagode,Turma no Quintal EP 1 (Ao Vivo),sertanejo,56,0.649,0.607,0.714,0.711,89.996
E Aí? - Ao Vivo,Matogrosso & Mathias;Gusttavo Lima,40 Anos (Ao Vivo),sertanejo,54,0.592,0.672,0.263,0.586,132.031
O que combina comigo é você,Zé Henrique & Gabriel,Tá tudo OK Acústico,sertanejo,51,0.669,0.671,0.448,0.753,131.996
Deixa Eu Sofrer - Ao Vivo,Henrique & Juliano,Manifesto Musical (Ao Vivo / Vol. 3),sertanejo,52,0.679,0.698,0.425,0.691,123.66
Chora De Tabela - Ao Vivo,Matheus & Kauan,Se Melhorar Estraga (Ao Vivo),sertanejo,50,0.405,0.869,0.136,0.459,151.655
Criado Em Galpão,Os Serranos,40 Anos - Sempre Gaúchos !,sertanejo,46,0.763,0.824,0.102,0.474,99.943
Baixinha - Ao Vivo,Matheus & Kauan,Tem Moda Pra Tudo (Ao Vivo),sertanejo,45,0.74,0.545,0.656,0.829,103.982
Puxadinho (Ao Vivo),Murilo Huff,Pra Ouvir Tomando uma 2 (Parte 1),sertanejo,45,0.698,0.849,0.32,0.585,110.953
Boiada,Almir Sater,Almir Sater,sertanejo,46,0.421,0.346,0.875,0.318,95.842
Make Me Happy,Lindsay Mendez;Ben Crawford,35MM: A Musical Exhibition (Original Cast Recording),show-tunes,26,0.713,0.639,0.423,0.944,92.072
Everybody Loves Louis,Annaleigh Ashford,Sunday in the Park with George (2017 Broadway Cast Recording),show-tunes,22,0.521,0.189,0.892,0.301,117.833
I Want You,Stephen Sanchez,"What Was, Not Now",singer-songwriter,60,0.499,0.313,0.815,0.233,125.991
I Guess I Just Feel Like,John Mayer,Sob Rock,singer-songwriter,70,0.548,0.483,0.515,0.166,159.952
Full Time Lover,Prateek Kuhad,The Way That Lovers Do,singer-songwriter,37,0.541,0.254,0.929,0.251,187.857
Tunggulah Tunggu,Monkey Boots,Big Monkey,ska,41,0.749,0.531,0.0611,0.928,120.058
Ich mag kein Alkohol,Feine Sahne Fischfilet,Sturm & Dreck,ska,37,0.406,0.966,0.00113,0.497,171.966
Hanna från Arlöv,Nationalteatern,Livet är en fest,ska,37,0.588,0.422,0.225,0.832,123.627
Police the Nation,The Planet Smashers,Unstoppable,ska,31,0.753,0.958,0.0449,0.964,167.944
Las Chicas Como Tú,Radio Catoche,Monstruo de Bares,ska,32,0.674,0.952,0.0459,0.962,160.175
"Long Hairdryer, Fön, Baby Sleeping Sound, Haartrockner, Föhn, Secador, Sèche-cheveux, 电吹风, ドライヤー",Truesound Village,Sounds for Sleeping and Relaxation,sleep,48,0.101,0.532,0.846,1e-05,91.951
Love Story,Sarah Cothran,Love Story,songwriter,64,0.681,0.236,0.554,0.256,116.953
Chosen Last,Sara Kays,Chosen Last,songwriter,56,0.652,0.546,0.666,0.264,99.03
Superstition - Single Version,Stevie Wonder,Halloween 2022,soul,0,0.637,0.745,0.0173,0.859,100.384
At My Worst,Pink Sweat$,Coffee Chill,soul,0,0.813,0.415,0.777,0.667,91.921
Growing Up Beside You,Paolo Nutini,Low-Key Hits,soul,1,0.504,0.51,0.771,0.0834,95.182
I Saw Mommy Kissing Santa Claus,The Jackson 5,The Very Best Christmas Songs 2022,soul,0,0.582,0.705,0.29,0.64,128.89
Vê se decide,Tim Maia,Só as Melhores do Pop Rock Brasileiro,soul,0,0.817,0.743,0.298,0.961,123.382
Bad Bad,Roy Woods,New RnB,soul,0,0.476,0.526,0.0737,0.122,87.307
Generous,Amber Mark,Un tecito y a mimir,soul,0,0.831,0.542,0.234,0.493,132.076
Sweets for My Sweet,The Drifters,Thanksgiving Party,soul,0,0.772,0.81,0.687,0.971,119.883
When A Man Loves A Woman,Percy Sledge,"Music To Park By ""20 Great Romantic Hits""",soul,0,0.404,0.272,0.264,0.326,97.941
Mania,Aaryan Shah,Codex,soul,50,0.535,0.717,0.149,0.31,91.006
Tanto la Queria,Andy & Lucas,Éxitos del Pop en Español de los Años 2000,spanish,0,0.621,0.857,0.532,0.56,144.005
Solo Tus Canciones,Pablo Martin,Solo Tus Canciones,spanish,37,0.539,0.913,0.000188,0.56,135.922
Déjala Que Baile (with Alejandro Sanz & Arkano),Melendi;Alejandro Sanz;Arkano,Ahora,spanish,64,0.831,0.777,0.356,0.598,95.973
Chas! Y Aparezco A Tu Lado,Supersubmarina,Electroviral,spanish,53,0.669,0.884,0.00184,0.963,128.018
Dotters,Cerwen,Dotters,study,36,0.765,0.327,0.98,0.56,119.989
The Last Supper,Beat Oven,Dinner’s Served,study,10,0.68,0.764,0.0664,0.956,93.033
Runoff,Jobii,Runoff,study,26,0.507,0.195,0.874,0.0709,136.713
Ghostbusters - Lo-Fi,hope mona,trick or treat on beat,study,0,0.816,0.596,0.76,0.756,116.022
Cozy Voltage,DGHTR,HoriZon Butterfly,study,1,0.65,0.191,0.651,0.45,169.861
decade of influence,hope mona,decade of influence,study,6,0.814,0.389,0.949,0.281,145.07
Little Swing,AronChupa;Little Sis Nora,Little Swing,swedish,59,0.89,0.672,0.707,0.598,126.036
Värsta grymma tjejen,Magnus Uggla,Den tatuerade generationen,swedish,41,0.55,0.887,0.0283,0.792,133.986
Talking Body - The Young Professionals Remix,Tove Lo;The Young Professionals,Remixes & Covers,swedish,44,0.651,0.579,0.00166,0.443,138.993
Videvisan (Sov du lilla videung),Pernilla Andersson,Våra barns godnattsånger - älskade godnattvisor & vaggvisor för alla barn,swedish,35,0.341,0.212,0.897,0.268,171.267
Utan att förstå,Lasse Stefanz,Evergreen,swedish,36,0.663,0.733,0.00878,0.741,107.967
Talking Body - Gryffin Remix,Tove Lo;Gryffin,Talking Body (Remixes),synth-pop,43,0.602,0.895,0.102,0.365,114.962
Sur,Aníbal Troilo Y Su Orquesta Típica;Roberto Goyeneche,15 Grandes Exitos - Los Discos De Oro De Roberto Goyeneche,tango,28,0.423,0.401,0.726,0.507,111.213
Las Tribus,Julieta Laso,Martingala,tango,20,0.568,0.391,0.43,0.343,97.943
Para dos,Orquesta Color Tango De Roberto Alvarez,Tango a Pugliese Con estilo para bailar Vol. 3,tango,18,0.633,0.219,0.72,0.537,118.814
Caminito - Remastered,Libertad Lamarque,Caminito (Remastered),tango,19,0.48,0.101,0.949,0.345,111.087
Malena,Carlos Lombardi;Los Românticos De La Noche,Lo Mejor Del Tango,tango,18,0.317,0.327,0.921,0.503,116.827
Medallita De La Suerte,Alfredo De Angelis;Oscar Larroca,Yo Soy El Tango,tango,18,0.56,0.447,0.882,0.725,129.855
Emancipación - Instrumental,Osvaldo Pugliese,From Argentina To The World,tango,15,0.621,0.221,0.875,0.532,119.132
Toi - Boris Brejcha Remix,Worakls;Boris Brejcha,"Hungry Music Remix, Vol. 1",techno,39,0.822,0.429,0.00331,0.165,124.992
Group Therapy (Messages Pt. 9) [ABGT499D3],Above & Beyond,Journey To ABGT500 pt.2,trance,29,0.66,0.917,0.068,0.74,138.065
Orbit 37,Rub!k,Orbit 37,trance,46,0.456,0.935,0.028,0.387,133.928
Equilibrium - Radio Edit,NG Rezonance,"Syncopy Radio Edits, Vol. 2",trance,29,0.582,0.994,0.00017,0.0393,145.005
Long Way Home (Tritonia 400),Tritonal;HALIENE;SCHALA;Jorza,Tritonia 400,trance,17,0.584,0.77,0.0113,0.411,129.913
Rome Wasn't Built in a Day,Morcheeba,Fragments of Freedom,trip-hop,62,0.61,0.807,0.0769,0.689,112.031
Perpetual Dawn,The Orb,Adventures Beyond The Ultraworld,trip-hop,23,0.798,0.786,0.0168,0.38,102.741
No Other Name,Hillsong Worship,No Other Name,world-music,50,0.369,0.598,0.00511,0.0466,148.014
Satisfied,Chris Tomlin,Holy Roar,world-music,39,0.572,0.786,0.0166,0.381,87.991
396 Hz Destruye Bloqueos Inconscientes,Mc_team,Frecuencias Curativas Solfeggio 369 Hz,world-music,25,0.166,0.00892,0.988,0.0929,130.205
Fly,Jason Upton,Remember,world-music,41,0.237,0.161,0.778,0.0812,104.997
